BEGIN;

TRUNCATE categories, tools, categories_tools
  CASCADE;

INSERT INTO categories
  (id, category_name)
VALUES
  ('api-dev', 'API/Backend Dev'),
  ('app-dev_desktop', 'Desktop App Dev'),
  ('app-dev_mobile', 'Mobile App Dev'),
  ('authentication', 'Authentication'),
  ('bundler', 'Bundlers'),
  ('cicd', 'CI/CD'),
  ('css-architecture', 'CSS Architecture'),
  ('css-framework', 'CSS Frameworks'),
  ('css-preprocessor', 'CSS Preprocessors'),
  ('database-inmemory', 'In-Memory Databases'),
  ('database-nosql', 'NoSQL Databases'),
  ('database-relational', 'Relational Databases'),
  ('deployment', 'Deployment'),
  ('devops', 'DevOps'),
  ('framework-js', 'Frontend JS Frameworks'),
  ('framework-other', 'Other Web Frameworks'),
  ('language', 'Languages'),
  ('library-js', 'JavaScript Libraries'),
  ('messagebroker', 'Message Brokers'),
  ('packagemanager', 'Package Managers'),
  ('searchengine', 'Search Engines'),
  ('ssg', 'Static Site Generators'),
  ('ssr', 'Server Side Rendering'),
  ('statemanagement', 'State Management'),
  ('taskrunner', 'Task Runners'),
  ('testing', 'Testing');

INSERT INTO tools
  (id, tool_name, keywords, website, logo)
VALUES
  ('express', 'Express', '{"express","expressjs","express.js"}', 'http://expressjs.com', ''),
  ('graphql', 'GraphQL', '{"graphql","graph ql"}', 'https://graphql.org', ''),
  ('hapi', 'hapi', '{"hapi"}', 'https://hapi.dev', ''),
  ('koa', 'Koa', '{"koa"}', 'https://koajs.com', ''),
  ('loopback', 'LoopBack', '{"loopback"}', 'https://loopback.io', ''),
  ('meteor', 'Meteor', '{"meteor","meteorjs","meteor.js"}', 'https://www.meteor.com', ''),
  ('nodejs', 'Node.js', '{"nodejs","node js","node.js"}', 'https://nodejs.org', ''),
  ('rest', 'REST', '{"rest api","rest apis","restful"}', 'https://www.ics.uci.edu/~fielding/pubs/dissertation/rest_arch_style.htm', ''),
  ('swagger', 'Swagger', '{"swagger"}', 'https://swagger.io', ''),
  ('electron', 'Electron', '{"electron"}', 'https://electronjs.org', ''),
  ('ionic', 'Ionic', '{"ionic"}', 'https://ionicframework.com', ''),
  ('flutter', 'Flutter', '{"flutter"}', 'https://flutter.dev', ''),
  ('reactnative', 'React Native', '{"react native"}', 'https://facebook.github.io/react-native', ''),
  ('jwt', 'JSON Web Token', '{"jwt","json web token"}', 'https://jwt.io', ''),
  ('oauth', 'OAuth', '{"oauth","oauth2"}', 'https://oauth.net', ''),
  ('openid', 'OpenID', '{"openid"}', 'https://openid.net', ''),
  ('browserify', 'Browserify', '{"browserify"}', 'http://browserify.org', ''),
  ('parcel', 'Parcel', '{"parcel"}', 'https://parceljs.org', ''),
  ('rollup', 'Rollup', '{"rollup"}', 'http://rollupjs.org', ''),
  ('webpack', 'webpack', '{"webpack"}', 'https://webpack.js.org', ''),
  ('circleci', 'CircleCI', '{"circleci","circle ci"}', 'https://circleci.com', ''),
  ('jenkins', 'Jenkins', '{"jenkins","jenkin"}', 'https://jenkins.io', ''),
  ('teamcity', 'TeamCity', '{"teamcity","team city"}', 'https://jetbrains.com/teamcity', ''),
  ('travisci', 'Travis CI', '{"travisci","travis ci"}', 'https://travis-ci.com', ''),
  ('bem', 'BEM', '{"bem"}', 'https://en.bem.info', ''),
  ('oocss', 'OOCSS', '{"oocss"}', 'http://www.stubbornella.org/content/2010/06/25/the-media-object-saves-hundreds-of-lines-of-code', ''),
  ('smacss', 'SMACSS', '{"smacss"}', 'http://smacss.com', ''),
  ('bootstrap', 'Bootstrap', '{"bootstrap"}', 'https://getbootstrap.com', ''),
  ('bulma', 'Bulma', '{"bulma"}', 'https://bulma.io', ''),
  ('materialize', 'Materialize', '{"materialize","materializecss"}', 'https://materializecss.com', ''),
  ('materialui', 'Material-UI', '{"materialui","material ui","material-ui"}', 'https://material-ui.com', ''),
  ('semanticui', 'Semantic UI', '{"semanticui","semantic ui"}', 'https://semantic-ui.com', ''),
  ('tailwind', 'Tailwind CSS', '{"tailwind","tailwindcss"}', 'https://tailwindcss.com', ''),
  ('less', 'LESS', '{"less","css"}', 'http://lesscss.org', ''),
  ('postcss', 'PostCSS', '{"postcss","post css"}', 'https://postcss.org', ''),
  ('sass', 'Sass / SCSS', '{"sass","scss","sassy"}', 'https://sass-lang.com', ''),
  ('stylus', 'Stylus', '{"stylus"}', 'http://stylus-lang.com', ''),
  ('aerospike', 'Aerospike', '{"aerospike"}', 'https://www.aerospike.com', ''),
  ('memcached', 'Memcached', '{"memcached"}', 'http://memcached.org', ''),
  ('redis', 'Redis', '{"redis"}', 'https://redis.io', ''),
  ('cassandra', 'Cassandra', '{"cassandra"}', 'http://cassandra.apache.org', ''),
  ('cosmosdb', 'Cosmos DB', '{"cosmosdb","cosmos db"}', 'https://azure.microsoft.com/en-us/services/cosmos-db', ''),
  ('couchbase', 'Couchbase', '{"couchbase","couch base"}', 'https://www.couchbase.com', ''),
  ('couchdb', 'CouchDB', '{"couchdb","couch db"}', 'http://couchdb.apache.org', ''),
  ('mongodb', 'MongoDB', '{"mongo","mongodb"}', 'https://www.mongodb.com', ''),
  ('mariadb', 'MariaDB', '{"mariadb","maria db"}', 'https://mariadb.com', ''),
  ('mssql', 'Microsoft SQL Server', '{"mssql","ms sql","microsoft sql","microsoftsql","sql server"}', 'https://www.microsoft.com/en-us/sql-server', ''),
  ('mysql', 'MySQL', '{"mysql","my sql"}', 'https://www.mysql.com', ''),
  ('oracle', 'Oracle', '{"oracledb","oracle db"}', 'https://www.oracle.com/database', ''),
  ('postgresql', 'PostgreSQL', '{"postgres","postgresql","postgre sql","postgre"}', 'https://www.postgresql.org', ''),
  ('appengine', 'Google App Engine', '{"app engine","appengine"}', 'https://cloud.google.com/appengine', ''),
  ('azure', 'Microsoft Azure', '{"azure"}', 'https://azure.microsoft.com', ''),
  ('digitalocean', 'DigitalOcean', '{"digitalocean","digital ocean"}', 'https://www.digitalocean.com', ''),
  ('docker', 'Docker', '{"docker"}', 'https://www.docker.com', ''),
  ('elasticbeanstalk', 'AWS Elastic Beanstalk', '{"elasticbeanstalk","elastic beanstalk"}', 'https://aws.amazon.com/elasticbeanstalk', ''),
  ('heroku', 'Heroku', '{"heroku"}', 'https://www.heroku.com', ''),
  ('ansible', 'Ansible', '{"ansible"}', 'https://www.ansible.com', ''),
  ('chef', 'Chef', '{"chef"}', 'https://www.chef.io', ''),
  ('gitlab', 'GitLab', '{"gitlab","git lab"}', 'https://about.gitlab.com', ''),
  ('kubernetes', 'Kubernetes', '{"kubernetes"}', 'https://kubernetes.io', ''),
  ('maven', 'Maven', '{"maven"}', 'http://maven.apache.org', ''),
  ('openshift', 'OpenShift', '{"openshift","open shift"}', 'https://www.openshift.com', ''),
  ('puppet', 'Puppet', '{"puppet"}', 'https://puppet.com', ''),
  ('terraform', 'Terraform', '{"terraform"}', 'https://www.terraform.io', ''),
  ('angular', 'Angular', '{"angular","angularjs","angular.js","angular2","angular3","angular4","angular5","angular6","angular7","angular8"}', 'https://angular.io', ''),
  ('aurelia', 'Aurelia', '{"aurelia","aureliajs","aurelia.js"}', 'https://aurelia.io', ''),
  ('backbone', 'Backbone.js', '{"backbone","backbonejs","backbone.js"}', 'https://backbonejs.org', ''),
  ('ember', 'Ember.js', '{"ember","emberjs","ember.js"}', 'https://emberjs.com', ''),
  ('extjs', 'Ext JS', '{"extjs","ext js"}', 'https://www.sencha.com/products/extjs', ''),
  ('knockout', 'Knockout', '{"knockout"}', 'https://knockoutjs.com', ''),
  ('mithril', 'Mithril', '{"mithril","mithriljs","mithril.js"}', 'https://mithril.js.org', ''),
  ('polymer', 'Polymer', '{"polymer","polymerjs","polymer.js"}', 'https://www.polymer-project.org', ''),
  ('react', 'React', '{"react","reactjs","react.js"}', 'https://reactjs.org', ''),
  ('svelte', 'Svelte', '{"svelte"}', 'https://svelte.dev', ''),
  ('vue', 'Vue', '{"vue","vuejs","vue.js"}', 'https://vuejs.org', ''),
  ('asp', 'ASP.NET', '{"asp","asp.net"}', 'https://dotnet.microsoft.com/apps/aspnet', ''),
  ('codeigniter', 'CodeIgniter', '{"codeigniter"}', 'https://codeigniter.com', ''),
  ('django', 'Django', '{"django"}', 'https://www.djangoproject.com', ''),
  ('flask', 'Flask', '{"flask"}', 'https://palletsprojects.com/p/flask', ''),
  ('grails', 'Grails', '{"grails"}', 'https://grails.org', ''),
  ('hadoop', 'Hadoop', '{"hadoop"}', 'http://hadoop.apache.org', ''),
  ('laravel', 'Laravel', '{"laravel"}', 'https://laravel.com', ''),
  ('phoenix', 'Phoenix', '{"phoenix"}', 'https://phoenixframework.org', ''),
  ('play', 'Play Framework', '{"play framework"}', 'https://www.playframework.com', ''),
  ('rails', 'Ruby on Rails', '{"ruby on rails","rails"}', 'https://rubyonrails.org', ''),
  ('spring', 'Spring / Spring Boot', '{"spring","spring boot"}', 'https://spring.io', ''),
  ('symfony', 'Symfony', '{"symfony"}', 'https://symfony.com', ''),
  ('yii', 'Yii', '{"yii"}', 'https://www.yiiframework.com', ''),
  ('zend', 'Zend Framework', '{"zend","zend framework"}', 'https://framework.zend.com', ''),
  ('clojure', 'Clojure', '{"clojure"}', 'https://clojure.org', ''),
  ('csharp', 'C#', '{"c#",".net"}', 'https://docs.microsoft.com/en-us/dotnet/csharp', ''),
  ('ecmascript', 'ECMAScript', '{"es6","es7","es8","es9","es2015","es2016","es2017","es2018"}', 'https://www.ecma-international.org/publications/standards/Ecma-262.htm', ''),
  ('elixir', 'Elixir', '{"elixir"}', 'https://elixir-lang.org', ''),
  ('erlang', 'Erlang', '{"erlang"}', 'https://www.erlang.org', ''),
  ('go', 'Go', '{"golang","go lang"}', 'https://golang.org', ''),
  ('haskell', 'Haskell', '{"haskell"}', 'https://www.haskell.org', ''),
  ('java', 'Java', '{"java"}', 'https://www.java.com', ''),
  ('javascript', 'JavaScript', '{"javascript"}', 'https://developer.mozilla.org/en-US/docs/Web/JavaScript', ''),
  ('kotlin', 'Kotlin', '{"kotlin"}', 'https://kotlinlang.org', ''),
  ('php', 'PHP', '{"php"}', 'https://www.php.net', ''),
  ('python', 'Python', '{"python"}', 'https://www.python.org', ''),
  ('ruby', 'Ruby', '{"ruby"}', 'https://www.ruby-lang.org', ''),
  ('rust', 'Rust', '{"rust"}', 'https://www.rust-lang.org', ''),
  ('scala', 'Scala', '{"scala"}', 'https://www.scala-lang.org', ''),
  ('typescript', 'TypeScript', '{"typescript","type script"}', 'http://www.typescriptlang.org', ''),
  ('d3', 'D3', '{"d3js","d3 js","d3.js"}', 'https://d3js.org', ''),
  ('jquery', 'jQuery', '{"jquery"}', 'https://jquery.com', ''),
  ('lodash', 'Lodash', '{"lodash"}', 'https://lodash.com', ''),
  ('requirejs', 'RequireJS', '{"requirejs","require js","require.js"}', 'https://requirejs.org', ''),
  ('threejs', 'three.js', '{"threejs","three js","three.js"}', 'https://threejs.org', ''),
  ('underscore', 'Underscore', '{"underscore","underscore.js"}', 'https://underscorejs.org', ''),
  ('activemq', 'ActiveMQ', '{"activemq","active mq"}', 'http://activemq.apache.org', ''),
  ('kafka', 'Kafka', '{"kafka"}', 'http://kafka.apache.org', ''),
  ('rabbitmq', 'RabbitMQ', '{"rabbitmq","rabbit mq"}', 'https://www.rabbitmq.com', ''),
  ('wso2', 'WSO2 Message Broker', '{"wso2"}', 'https://wso2.com/products/message-broker', ''),
  ('bower', 'Bower', '{"bower"}', 'https://bower.io', ''),
  ('npm', 'npm', '{"npm","node package manager"}', 'https://www.npmjs.com', ''),
  ('yarn', 'Yarn', '{"yarn"}', 'https://yarnpkg.com', ''),
  ('elasticsearch', 'Elasticsearch', '{"elasticsearch","elastic search"}', 'https://www.elastic.co/products/elasticsearch', ''),
  ('lucene', 'Lucene', '{"lucene"}', 'http://lucene.apache.org', ''),
  ('solr', 'Solr', '{"solr"}', 'https://lucene.apache.org/solr', ''),
  ('gatsby', 'Gatsby', '{"gatsby"}', 'https://www.gatsbyjs.org', ''),
  ('hugo', 'Hugo', '{"hugo"}', 'https://gohugo.io', ''),
  ('jekyll', 'Jekyll', '{"jekyll"}', 'https://jekyllrb.com', ''),
  ('next', 'Next.js', '{"nextjs","next js","next.js"}', 'https://zeit.co/blog/next', ''),
  ('nuxt', 'Nuxt.js', '{"nuxtjs","nuxt js","nuxt.js"}', 'https://nuxtjs.org', ''),
  ('flux', 'Flux', '{"flux"}', 'http://facebook.github.io/flux', ''),
  ('mobx', 'MobX', '{"mobx"}', 'https://mobx.js.org', ''),
  ('ngrx', 'NgRx', '{"ngrx"}', 'https://ngrx.io', ''),
  ('redux', 'Redux', '{"redux"}', 'https://redux.js.org', ''),
  ('rxjs', 'RxJS', '{"rxjs","rx js"}', 'https://rxjs-dev.firebaseapp.com', ''),
  ('vuex', 'Vuex', '{"vuex"}', 'https://vuex.vuejs.org', ''),
  ('grunt', 'Grunt', '{"grunt"}', 'https://gruntjs.com', ''),
  ('gulp', 'gulp', '{"gulp"}', 'https://gulpjs.com', ''),
  ('ava', 'AVA', '{"ava"}', 'https://github.com/avajs/ava', ''),
  ('chai', 'Chai', '{"chai"}', 'https://www.chaijs.com', ''),
  ('cypress', 'Cypress', '{"cypress"}', 'https://www.cypress.io', ''),
  ('enzyme', 'Enzyme', '{"enzyme"}', 'https://airbnb.io/enzyme', ''),
  ('jasmine', 'Jasmine', '{"jasmine"}', 'https://jasmine.github.io', ''),
  ('jest', 'Jest', '{"jest"}', 'https://jestjs.io', ''),
  ('karma', 'Karma', '{"karma"}', 'http://karma-runner.github.io', ''),
  ('mocha', 'Mocha', '{"mocha"}', 'https://mochajs.org', ''),
  ('protractor', 'Protractor', '{"protractor"}', 'http://www.protractortest.org', ''),
  ('sinon', 'Sinon', '{"sinon"}', 'https://sinonjs.org', ''),
  ('selenium', 'Selenium', '{"selenium"}', 'https://www.seleniumhq.org', '');

INSERT INTO categories_tools
  (category_id, tool_id)
VALUES
  ('api-dev', 'express'),
  ('api-dev', 'graphql'),
  ('api-dev', 'hapi'),
  ('api-dev', 'koa'),
  ('api-dev', 'loopback'),
  ('api-dev', 'meteor'),
  ('api-dev', 'nodejs'),
  ('api-dev', 'rest'),
  ('api-dev', 'swagger'),
  ('app-dev_desktop', 'electron'),
  ('app-dev_mobile', 'ionic'),
  ('app-dev_mobile', 'flutter'),
  ('app-dev_mobile', 'reactnative'),
  ('authentication', 'jwt'),
  ('authentication', 'oauth'),
  ('authentication', 'openid'),
  ('bundler', 'browserify'),
  ('bundler', 'parcel'),
  ('bundler', 'rollup'),
  ('bundler', 'webpack'),
  ('cicd', 'circleci'),
  ('cicd', 'jenkins'),
  ('cicd', 'teamcity'),
  ('cicd', 'travisci'),
  ('css-architecture', 'bem'),
  ('css-architecture', 'oocss'),
  ('css-architecture', 'smacss'),
  ('css-framework', 'bootstrap'),
  ('css-framework', 'bulma'),
  ('css-framework', 'materialize'),
  ('css-framework', 'materialui'),
  ('css-framework', 'semanticui'),
  ('css-framework', 'tailwind'),
  ('css-preprocessor', 'less'),
  ('css-preprocessor', 'postcss'),
  ('css-preprocessor', 'sass'),
  ('css-preprocessor', 'stylus'),
  ('database-inmemory', 'aerospike'),
  ('database-inmemory', 'memcached'),
  ('database-inmemory', 'redis'),
  ('database-nosql', 'cassandra'),
  ('database-nosql', 'cosmosdb'),
  ('database-nosql', 'couchbase'),
  ('database-nosql', 'couchdb'),
  ('database-nosql', 'mongodb'),
  ('database-relational', 'mariadb'),
  ('database-relational', 'mssql'),
  ('database-relational', 'mysql'),
  ('database-relational', 'oracle'),
  ('database-relational', 'postgresql'),
  ('deployment', 'appengine'),
  ('deployment', 'azure'),
  ('deployment', 'digitalocean'),
  ('deployment', 'docker'),
  ('deployment', 'elasticbeanstalk'),
  ('deployment', 'heroku'),
  ('devops', 'ansible'),
  ('devops', 'chef'),
  ('devops', 'gitlab'),
  ('devops', 'kubernetes'),
  ('devops', 'maven'),
  ('devops', 'openshift'),
  ('devops', 'puppet'),
  ('devops', 'terraform'),
  ('framework-js', 'angular'),
  ('framework-js', 'aurelia'),
  ('framework-js', 'backbone'),
  ('framework-js', 'ember'),
  ('framework-js', 'extjs'),
  ('framework-js', 'knockout'),
  ('framework-js', 'mithril'),
  ('framework-js', 'polymer'),
  ('framework-js', 'react'),
  ('framework-js', 'svelte'),
  ('framework-js', 'vue'),
  ('framework-other', 'asp'),
  ('framework-other', 'codeigniter'),
  ('framework-other', 'django'),
  ('framework-other', 'flask'),
  ('framework-other', 'grails'),
  ('framework-other', 'hadoop'),
  ('framework-other', 'laravel'),
  ('framework-other', 'phoenix'),
  ('framework-other', 'play'),
  ('framework-other', 'rails'),
  ('framework-other', 'spring'),
  ('framework-other', 'symfony'),
  ('framework-other', 'yii'),
  ('framework-other', 'zend'),
  ('language', 'clojure'),
  ('language', 'csharp'),
  ('language', 'ecmascript'),
  ('language', 'elixir'),
  ('language', 'erlang'),
  ('language', 'go'),
  ('language', 'haskell'),
  ('language', 'java'),
  ('language', 'javascript'),
  ('language', 'kotlin'),
  ('language', 'php'),
  ('language', 'python'),
  ('language', 'ruby'),
  ('language', 'rust'),
  ('language', 'scala'),
  ('language', 'typescript'),
  ('library-js', 'd3'),
  ('library-js', 'jquery'),
  ('library-js', 'lodash'),
  ('library-js', 'requirejs'),
  ('library-js', 'threejs'),
  ('library-js', 'underscore'),
  ('messagebroker', 'activemq'),
  ('messagebroker', 'kafka'),
  ('messagebroker', 'rabbitmq'),
  ('messagebroker', 'wso2'),
  ('packagemanager', 'bower'),
  ('packagemanager', 'npm'),
  ('packagemanager', 'yarn'),
  ('searchengine', 'elasticsearch'),
  ('searchengine', 'lucene'),
  ('searchengine', 'solr'),
  ('ssg', 'gatsby'),
  ('ssg', 'hugo'),
  ('ssg', 'jekyll'),
  ('ssg', 'next'),
  ('ssg', 'nuxt'),
  ('ssr', 'next'),
  ('ssr', 'nuxt'),
  ('statemanagement', 'flux'),
  ('statemanagement', 'mobx'),
  ('statemanagement', 'ngrx'),
  ('statemanagement', 'redux'),
  ('statemanagement', 'rxjs'),
  ('statemanagement', 'vuex'),
  ('taskrunner', 'grunt'),
  ('taskrunner', 'gulp'),
  ('taskrunner', 'npm'),
  ('testing', 'ava'),
  ('testing', 'chai'),
  ('testing', 'cypress'),
  ('testing', 'enzyme'),
  ('testing', 'jasmine'),
  ('testing', 'jest'),
  ('testing', 'karma'),
  ('testing', 'mocha'),
  ('testing', 'protractor'),
  ('testing', 'sinon'),
  ('testing', 'selenium');

COMMIT;